,Time,Value
0,2018-03-26 23:15:00.776,9.01
1,2018-03-26 23:15:01.779,9.68
2,2018-03-26 23:15:02.777,7.58
3,2018-03-26 23:15:03.778,8.56
4,2018-03-26 23:15:04.778,7.58
5,2018-03-26 23:15:05.778,7.689999999999999
6,2018-03-26 23:15:06.780,7.58
7,2018-03-26 23:15:08.782,8.29
8,2018-03-26 23:15:09.782,7.58
9,2018-03-26 23:15:10.781,7.26
10,2018-03-26 23:15:11.782,8.83
11,2018-03-26 23:15:12.782,8.47
12,2018-03-26 23:15:13.782,6.69
13,2018-03-26 23:15:14.782,8.38
14,2018-03-26 23:15:15.782,9.1
15,2018-03-26 23:15:16.783,8.74
16,2018-03-26 23:15:17.783,8.83
17,2018-03-26 23:15:18.785,9.43
18,2018-03-26 23:15:19.903,9.76
19,2018-03-26 23:15:20.784,8.01
20,2018-03-26 23:15:21.784,8.19
21,2018-03-26 23:15:22.784,8.65
22,2018-03-26 23:15:24.785,7.91
23,2018-03-26 23:15:25.789,6.09
24,2018-03-26 23:15:26.787,8.29
25,2018-03-26 23:15:27.804,9.68
26,2018-03-26 23:15:28.792,9.26
27,2018-03-26 23:15:29.788,9.1
28,2018-03-26 23:15:30.852,8.1
29,2018-03-26 23:15:31.792,7.37
30,2018-03-26 23:15:32.790,9.01
31,2018-03-26 23:15:33.863,9.1
32,2018-03-26 23:15:35.791,8.65
33,2018-03-26 23:15:36.796,9.35
34,2018-03-26 23:15:37.789,8.29
35,2018-03-26 23:15:38.910,8.47
36,2018-03-26 23:15:39.790,9.1
37,2018-03-26 23:15:40.792,9.26
38,2018-03-26 23:15:41.791,8.74
39,2018-03-26 23:15:42.792,9.01
40,2018-03-26 23:15:43.796,8.47
41,2018-03-26 23:15:44.795,9.51
42,2018-03-26 23:15:45.907,9.59
43,2018-03-26 23:15:46.793,9.1
44,2018-03-26 23:15:47.916,8.83
45,2018-03-26 23:15:48.793,8.19
46,2018-03-26 23:15:49.793,8.65
47,2018-03-26 23:15:50.794,8.01
48,2018-03-26 23:15:51.794,9.51
49,2018-03-26 23:15:52.795,9.35
50,2018-03-26 23:15:53.796,8.83
51,2018-03-26 23:15:54.796,9.26
52,2018-03-26 23:15:55.797,8.38
53,2018-03-26 23:15:56.819,9.26
54,2018-03-26 23:15:57.797,8.29
55,2018-03-26 23:15:58.797,8.56
56,2018-03-26 23:15:59.797,9.43
57,2018-03-26 23:16:00.798,8.01
58,2018-03-26 23:16:01.797,7.15
59,2018-03-26 23:16:02.804,8.29
60,2018-03-26 23:16:03.799,8.1
61,2018-03-26 23:16:04.799,9.76
62,2018-03-26 23:16:06.802,9.26
63,2018-03-26 23:16:07.802,10.18
64,2018-03-26 23:16:08.800,9.84
65,2018-03-26 23:16:09.803,8.56
66,2018-03-26 23:16:10.802,9.43
67,2018-03-26 23:16:11.869,9.51
68,2018-03-26 23:16:12.811,9.68
69,2018-03-26 23:16:13.803,8.74
70,2018-03-26 23:16:14.803,8.19
71,2018-03-26 23:16:15.803,9.18
72,2018-03-26 23:16:16.803,9.35
73,2018-03-26 23:16:17.859,8.74
74,2018-03-26 23:16:18.919,8.29
75,2018-03-26 23:16:19.808,6.69
76,2018-03-26 23:16:20.804,6.09
77,2018-03-26 23:16:21.805,7.91
78,2018-03-26 23:16:22.804,9.26
79,2018-03-26 23:16:23.804,9.68
80,2018-03-26 23:16:24.805,8.47
81,2018-03-26 23:16:25.806,6.81
82,2018-03-26 23:16:26.806,7.58
83,2018-03-26 23:16:27.806,7.8
84,2018-03-26 23:16:28.807,8.01
85,2018-03-26 23:16:29.807,8.29
86,2018-03-26 23:16:30.809,9.01
87,2018-03-26 23:16:31.869,9.35
88,2018-03-26 23:16:32.799,8.01
89,2018-03-26 23:16:33.798,7.91
90,2018-03-26 23:16:34.794,8.83
91,2018-03-26 23:16:35.795,9.93
92,2018-03-26 23:16:36.794,9.68
93,2018-03-26 23:16:37.794,9.59
94,2018-03-26 23:16:38.795,9.93
95,2018-03-26 23:16:39.795,8.65
96,2018-03-26 23:16:40.912,8.92
97,2018-03-26 23:16:41.795,8.1
98,2018-03-26 23:16:42.813,7.91
99,2018-03-26 23:16:43.860,9.01
100,2018-03-26 23:16:44.799,9.18
101,2018-03-26 23:16:45.798,7.689999999999999
102,2018-03-26 23:16:46.799,8.74
103,2018-03-26 23:16:47.799,9.59
104,2018-03-26 23:16:48.826,9.35
105,2018-03-26 23:16:49.799,8.47
106,2018-03-26 23:16:50.800,8.29
107,2018-03-26 23:16:51.800,9.01
108,2018-03-26 23:16:52.801,9.18
109,2018-03-26 23:16:53.800,7.26
110,2018-03-26 23:16:54.805,9.01
111,2018-03-26 23:16:55.820,9.18
112,2018-03-26 23:16:56.803,7.8
113,2018-03-26 23:16:57.801,7.58
114,2018-03-26 23:16:58.801,8.1
115,2018-03-26 23:16:59.802,8.47
116,2018-03-26 23:17:00.802,8.19
117,2018-03-26 23:17:01.802,8.92
118,2018-03-26 23:17:02.803,8.56
119,2018-03-26 23:17:03.803,7.8
120,2018-03-26 23:17:05.805,8.56
121,2018-03-26 23:17:06.808,8.92
122,2018-03-26 23:17:07.811,9.26
123,2018-03-26 23:17:08.806,9.68
124,2018-03-26 23:17:09.806,7.689999999999999
125,2018-03-26 23:17:10.807,8.38
126,2018-03-26 23:17:11.860,9.59
127,2018-03-26 23:17:12.808,9.35
128,2018-03-26 23:17:13.807,8.29
129,2018-03-26 23:17:14.808,9.01
130,2018-03-26 23:17:15.807,8.29
131,2018-03-26 23:17:16.794,8.1
132,2018-03-26 23:17:17.796,8.38
133,2018-03-26 23:17:18.807,8.1
134,2018-03-26 23:17:19.795,8.83
135,2018-03-26 23:17:20.797,8.29
136,2018-03-26 23:17:21.798,9.59
137,2018-03-26 23:17:22.933,9.68
138,2018-03-26 23:17:23.797,9.59
139,2018-03-26 23:17:24.798,9.76
140,2018-03-26 23:17:25.799,8.29
141,2018-03-26 23:17:26.808,8.38
142,2018-03-26 23:17:27.800,8.19
143,2018-03-26 23:17:28.804,7.47
144,2018-03-26 23:17:29.869,7.58
145,2018-03-26 23:17:30.802,7.04
146,2018-03-26 23:17:31.807,9.93
147,2018-03-26 23:17:32.805,8.29
148,2018-03-26 23:17:33.803,8.65
149,2018-03-26 23:17:34.802,10.09
150,2018-03-26 23:17:35.802,10.01
151,2018-03-26 23:17:36.804,7.91
152,2018-03-26 23:17:37.930,8.38
153,2018-03-26 23:17:38.924,7.689999999999999
154,2018-03-26 23:17:39.819,8.38
155,2018-03-26 23:17:40.805,9.59
156,2018-03-26 23:17:41.808,9.68
157,2018-03-26 23:17:42.806,8.56
158,2018-03-26 23:17:43.804,8.92
159,2018-03-26 23:17:44.808,7.91
160,2018-03-26 23:17:45.805,9.76
161,2018-03-26 23:17:47.805,9.01
162,2018-03-26 23:17:48.805,7.689999999999999
163,2018-03-26 23:17:49.883,8.19
164,2018-03-26 23:17:50.807,9.26
165,2018-03-26 23:17:51.807,8.74
166,2018-03-26 23:17:52.808,8.65
167,2018-03-26 23:17:53.808,9.18
168,2018-03-26 23:17:54.810,9.59
169,2018-03-26 23:17:55.866,9.26
170,2018-03-26 23:17:56.809,8.56
171,2018-03-26 23:17:57.809,8.65
172,2018-03-26 23:17:58.809,9.18
173,2018-03-26 23:17:59.868,9.51
174,2018-03-26 23:18:00.833,7.15
175,2018-03-26 23:18:01.813,9.26
176,2018-03-26 23:18:02.810,9.68
177,2018-03-26 23:18:03.810,10.35
178,2018-03-26 23:18:04.813,10.61
179,2018-03-26 23:18:05.817,10.09
180,2018-03-26 23:18:06.812,8.56
181,2018-03-26 23:18:07.812,9.51
182,2018-03-26 23:18:08.812,7.689999999999999
183,2018-03-26 23:18:09.946,7.91
184,2018-03-26 23:18:10.833,8.01
185,2018-03-26 23:18:11.812,7.689999999999999
186,2018-03-26 23:18:12.815,7.8
187,2018-03-26 23:18:13.825,8.29
188,2018-03-26 23:18:14.834,8.19
189,2018-03-26 23:18:15.814,9.59
190,2018-03-26 23:18:16.813,9.76
191,2018-03-26 23:18:17.816,10.61
192,2018-03-26 23:18:18.813,9.35
193,2018-03-26 23:18:19.874,9.1
194,2018-03-26 23:18:20.949,9.18
195,2018-03-26 23:18:21.815,9.35
196,2018-03-26 23:18:22.815,6.93
197,2018-03-26 23:18:23.814,8.74
198,2018-03-26 23:18:24.815,9.35
199,2018-03-26 23:18:25.815,10.01
200,2018-03-26 23:18:26.952,8.65
201,2018-03-26 23:18:27.819,8.92
202,2018-03-26 23:18:29.822,9.18
203,2018-03-26 23:18:30.821,8.65
204,2018-03-26 23:18:32.819,8.56
205,2018-03-26 23:18:33.818,9.43
206,2018-03-26 23:18:34.820,9.68
207,2018-03-26 23:18:35.820,9.26
208,2018-03-26 23:18:36.820,8.47
209,2018-03-26 23:18:37.821,8.74
210,2018-03-26 23:18:38.820,8.83
211,2018-03-26 23:18:39.821,8.38
212,2018-03-26 23:18:40.821,9.68
213,2018-03-26 23:18:41.821,8.74
214,2018-03-26 23:18:42.820,9.1
215,2018-03-26 23:18:43.821,9.18
216,2018-03-26 23:18:44.830,8.38
217,2018-03-26 23:18:46.826,10.01
218,2018-03-26 23:18:47.824,9.01
219,2018-03-26 23:18:48.825,9.18
220,2018-03-26 23:18:50.824,8.47
221,2018-03-26 23:18:51.826,8.29
222,2018-03-26 23:18:52.832,8.01
223,2018-03-26 23:18:53.824,8.65
224,2018-03-26 23:18:54.824,8.47
225,2018-03-26 23:18:55.825,9.01
226,2018-03-26 23:18:56.825,9.43
227,2018-03-26 23:18:57.825,9.18
228,2018-03-26 23:18:58.826,8.92
229,2018-03-26 23:18:59.833,8.83
230,2018-03-26 23:19:00.826,9.26
231,2018-03-26 23:19:01.879,8.47
232,2018-03-26 23:19:02.827,7.37
233,2018-03-26 23:19:03.827,7.8
234,2018-03-26 23:19:04.827,9.1
235,2018-03-26 23:19:05.827,8.74
236,2018-03-26 23:19:06.828,8.92
237,2018-03-26 23:19:07.841,9.01
238,2018-03-26 23:19:08.828,10.09
239,2018-03-26 23:19:09.833,10.61
240,2018-03-26 23:19:10.880,10.09
241,2018-03-26 23:19:11.830,9.93
242,2018-03-26 23:19:12.831,9.01
243,2018-03-26 23:19:13.897,8.83
244,2018-03-26 23:19:14.831,9.35
245,2018-03-26 23:19:15.832,7.8
246,2018-03-26 23:19:16.832,9.26
247,2018-03-26 23:19:17.831,8.83
248,2018-03-26 23:19:18.831,8.19
249,2018-03-26 23:19:19.831,8.38
250,2018-03-26 23:19:20.832,8.47
251,2018-03-26 23:19:21.831,8.29
252,2018-03-26 23:19:22.837,9.01
253,2018-03-26 23:19:23.835,6.81
254,2018-03-26 23:19:24.841,8.1
255,2018-03-26 23:19:25.833,8.29
256,2018-03-26 23:19:26.834,8.56
257,2018-03-26 23:19:27.835,8.92
258,2018-03-26 23:19:29.834,7.689999999999999
259,2018-03-26 23:19:30.835,8.19
260,2018-03-26 23:19:31.979,8.83
261,2018-03-26 23:19:33.840,10.52
262,2018-03-26 23:19:34.841,8.83
263,2018-03-26 23:19:35.841,8.47
264,2018-03-26 23:19:36.836,8.01
265,2018-03-26 23:19:37.980,7.37
266,2018-03-26 23:19:38.854,8.74
267,2018-03-26 23:19:39.837,8.83
268,2018-03-26 23:19:40.838,9.43
269,2018-03-26 23:19:41.837,8.92
270,2018-03-26 23:19:42.837,9.51
271,2018-03-26 23:19:43.840,8.65
272,2018-03-26 23:19:44.837,9.01
273,2018-03-26 23:19:45.837,9.59
274,2018-03-26 23:19:46.837,9.43
275,2018-03-26 23:19:47.841,9.18
276,2018-03-26 23:19:48.838,8.01
277,2018-03-26 23:19:49.838,7.8
278,2018-03-26 23:19:50.840,7.37
279,2018-03-26 23:19:51.839,6.69
280,2018-03-26 23:19:52.840,7.26
281,2018-03-26 23:19:53.839,8.56
282,2018-03-26 23:19:54.842,8.47
283,2018-03-26 23:19:55.853,8.01
284,2018-03-26 23:19:56.844,6.45
285,2018-03-26 23:19:57.843,6.69
286,2018-03-26 23:19:58.842,6.81
287,2018-03-26 23:19:59.843,5.59
288,2018-03-26 23:20:00.843,4.72
289,2018-03-26 23:20:01.843,7.8
290,2018-03-26 23:20:02.844,8.83
291,2018-03-26 23:20:03.844,8.74
292,2018-03-26 23:20:04.845,7.91
293,2018-03-26 23:20:05.844,7.8
294,2018-03-26 23:20:06.843,8.65
295,2018-03-26 23:20:08.846,7.8
296,2018-03-26 23:20:09.846,9.35
297,2018-03-26 23:20:10.846,6.45
298,2018-03-26 23:20:11.846,7.37
299,2018-03-26 23:20:12.846,8.92
300,2018-03-26 23:20:13.846,9.43
301,2018-03-26 23:20:14.846,8.29
302,2018-03-26 23:20:15.847,8.38
303,2018-03-26 23:20:16.848,9.01
304,2018-03-26 23:20:17.847,9.68
305,2018-03-26 23:20:18.847,8.38
306,2018-03-26 23:20:19.847,7.91
307,2018-03-26 23:20:20.847,7.689999999999999
308,2018-03-26 23:20:21.848,8.38
309,2018-03-26 23:20:22.848,7.47
310,2018-03-26 23:20:24.848,8.1
311,2018-03-26 23:20:25.864,9.26
312,2018-03-26 23:20:26.850,9.68
313,2018-03-26 23:20:28.850,9.35
314,2018-03-26 23:20:29.850,8.29
315,2018-03-26 23:20:30.854,7.58
316,2018-03-26 23:20:31.851,8.65
317,2018-03-26 23:20:32.853,8.47
318,2018-03-26 23:20:33.852,7.37
319,2018-03-26 23:20:34.851,8.1
320,2018-03-26 23:20:35.851,8.65
321,2018-03-26 23:20:36.905,7.8
322,2018-03-26 23:20:37.852,8.74
323,2018-03-26 23:20:38.852,8.65
324,2018-03-26 23:20:39.853,8.1
325,2018-03-26 23:20:40.855,7.689999999999999
326,2018-03-26 23:20:41.855,7.58
327,2018-03-26 23:20:42.853,8.92
328,2018-03-26 23:20:43.854,9.18
329,2018-03-26 23:20:44.854,7.04
330,2018-03-26 23:20:45.856,5.96
331,2018-03-26 23:20:46.856,8.56
332,2018-03-26 23:20:47.867,9.01
333,2018-03-26 23:20:48.856,8.83
334,2018-03-26 23:20:49.856,8.01
335,2018-03-26 23:20:50.856,9.18
336,2018-03-26 23:20:51.857,8.83
337,2018-03-26 23:20:52.858,7.689999999999999
338,2018-03-26 23:20:53.857,8.1
339,2018-03-26 23:20:54.862,8.74
340,2018-03-26 23:20:55.859,8.65
341,2018-03-26 23:20:56.859,8.19
342,2018-03-26 23:20:57.860,8.1
343,2018-03-26 23:20:58.860,9.26
344,2018-03-26 23:20:59.859,7.91
345,2018-03-26 23:21:00.860,8.19
346,2018-03-26 23:21:01.861,8.83
347,2018-03-26 23:21:02.862,8.74
348,2018-03-26 23:21:03.870,7.8
349,2018-03-26 23:21:04.862,9.1
350,2018-03-26 23:21:05.875,9.01
351,2018-03-26 23:21:06.863,8.83
352,2018-03-26 23:21:07.864,9.93
353,2018-03-26 23:21:08.868,10.09
354,2018-03-26 23:21:09.866,9.68
355,2018-03-26 23:21:10.865,8.1
356,2018-03-26 23:21:11.867,8.47
357,2018-03-26 23:21:12.866,9.01
358,2018-03-26 23:21:13.867,8.38
359,2018-03-26 23:21:14.892,7.58
360,2018-03-26 23:21:15.868,9.01
361,2018-03-26 23:21:16.867,8.29
362,2018-03-26 23:21:17.867,8.01
363,2018-03-26 23:21:18.867,8.47
364,2018-03-26 23:21:19.868,9.93
365,2018-03-26 23:21:20.868,9.26
366,2018-03-26 23:21:21.868,8.74
367,2018-03-26 23:21:22.869,7.91
368,2018-03-26 23:21:24.870,8.74
369,2018-03-26 23:21:25.872,8.83
370,2018-03-26 23:21:26.872,8.47
371,2018-03-26 23:21:27.874,8.29
372,2018-03-26 23:21:28.873,7.91
373,2018-03-26 23:21:29.872,10.09
374,2018-03-26 23:21:30.874,9.68
375,2018-03-26 23:21:31.874,9.01
376,2018-03-26 23:21:32.872,7.689999999999999
377,2018-03-26 23:21:33.872,9.93
378,2018-03-26 23:21:34.872,9.76
379,2018-03-26 23:21:35.954,9.1
380,2018-03-26 23:21:36.872,8.83
381,2018-03-26 23:21:37.878,8.65
382,2018-03-26 23:21:38.874,9.01
383,2018-03-26 23:21:39.874,9.43
384,2018-03-26 23:21:40.889,8.83
385,2018-03-26 23:21:41.874,9.59
386,2018-03-26 23:21:42.874,9.01
387,2018-03-26 23:21:43.876,8.92
388,2018-03-26 23:21:44.879,8.38
389,2018-03-26 23:21:45.880,8.56
390,2018-03-26 23:21:46.877,8.01
391,2018-03-26 23:21:47.876,9.26
392,2018-03-26 23:21:48.878,8.65
393,2018-03-26 23:21:50.876,8.19
394,2018-03-26 23:21:51.877,9.59
395,2018-03-26 23:21:52.877,9.01
396,2018-03-26 23:21:53.877,8.65
397,2018-03-26 23:21:54.877,8.38
398,2018-03-26 23:21:55.877,9.01
399,2018-03-26 23:21:56.877,9.1
400,2018-03-26 23:21:57.878,8.29
401,2018-03-26 23:21:58.878,7.47
402,2018-03-26 23:21:59.878,7.689999999999999
403,2018-03-26 23:22:00.884,7.91
404,2018-03-26 23:22:01.881,8.38
405,2018-03-26 23:22:02.882,8.92
406,2018-03-26 23:22:03.880,8.83
407,2018-03-26 23:22:04.952,9.26
408,2018-03-26 23:22:05.882,9.76
409,2018-03-26 23:22:06.886,8.38
410,2018-03-26 23:22:08.883,9.26
411,2018-03-26 23:22:09.883,8.74
412,2018-03-26 23:22:10.884,8.47
413,2018-03-26 23:22:11.884,9.68
414,2018-03-26 23:22:12.885,8.56
415,2018-03-26 23:22:13.886,7.689999999999999
416,2018-03-26 23:22:14.887,6.33
417,2018-03-26 23:22:15.885,8.65
418,2018-03-26 23:22:16.897,7.47
419,2018-03-26 23:22:17.926,7.91
420,2018-03-26 23:22:18.886,8.38
421,2018-03-26 23:22:19.887,8.19
422,2018-03-26 23:22:20.887,8.47
423,2018-03-26 23:22:21.912,8.1
424,2018-03-26 23:22:22.888,7.47
425,2018-03-26 23:22:23.888,8.01
426,2018-03-26 23:22:24.893,8.38
427,2018-03-26 23:22:25.891,9.59
428,2018-03-26 23:22:26.889,8.47
429,2018-03-26 23:22:27.890,8.74
430,2018-03-26 23:22:28.890,9.84
431,2018-03-26 23:22:29.892,10.09
432,2018-03-26 23:22:30.906,9.35
433,2018-03-26 23:22:32.928,7.58
434,2018-03-26 23:22:33.893,7.47
435,2018-03-26 23:22:34.895,8.74
436,2018-03-26 23:22:35.895,8.38
437,2018-03-26 23:22:36.893,9.1
438,2018-03-26 23:22:37.898,8.56
439,2018-03-26 23:22:38.896,8.47
440,2018-03-26 23:22:39.964,9.01
441,2018-03-26 23:22:40.897,8.65
442,2018-03-26 23:22:42.895,10.27
443,2018-03-26 23:22:43.896,10.86
444,2018-03-26 23:22:44.902,8.29
445,2018-03-26 23:22:45.897,8.56
446,2018-03-26 23:22:46.897,8.1
447,2018-03-26 23:22:48.906,8.65
448,2018-03-26 23:22:49.902,8.1
449,2018-03-26 23:22:50.901,8.47
450,2018-03-26 23:22:51.899,9.59
451,2018-03-26 23:22:52.900,9.35
452,2018-03-26 23:22:53.900,9.43
453,2018-03-26 23:22:54.901,9.59
454,2018-03-26 23:22:55.900,8.74
455,2018-03-26 23:22:56.901,8.1
456,2018-03-26 23:22:57.907,7.26
457,2018-03-26 23:22:58.902,8.38
458,2018-03-26 23:22:59.907,8.29
459,2018-03-26 23:23:00.902,8.1
460,2018-03-26 23:23:01.904,7.37
461,2018-03-26 23:23:02.903,8.47
462,2018-03-26 23:23:03.902,8.01
463,2018-03-26 23:23:04.903,8.74
464,2018-03-26 23:23:05.902,8.56
465,2018-03-26 23:23:06.903,8.65
466,2018-03-26 23:23:07.903,8.19
467,2018-03-26 23:23:08.912,9.43
468,2018-03-26 23:23:09.905,8.19
469,2018-03-26 23:23:10.904,8.38
470,2018-03-26 23:23:11.908,8.01
471,2018-03-26 23:23:12.905,8.29
472,2018-03-26 23:23:13.907,8.74
473,2018-03-26 23:23:14.905,8.47
474,2018-03-26 23:23:15.906,8.56
475,2018-03-26 23:23:16.906,9.84
476,2018-03-26 23:23:17.906,9.59
477,2018-03-26 23:23:18.906,9.18
478,2018-03-26 23:23:19.906,8.19
479,2018-03-26 23:23:20.907,8.38
480,2018-03-26 23:23:21.909,8.83
481,2018-03-26 23:23:22.906,7.91
482,2018-03-26 23:23:23.906,8.92
483,2018-03-26 23:23:24.906,8.74
484,2018-03-26 23:23:25.908,9.1
485,2018-03-26 23:23:27.907,8.19
486,2018-03-26 23:23:28.912,7.8
487,2018-03-26 23:23:30.003,8.1
488,2018-03-26 23:23:30.910,9.1
489,2018-03-26 23:23:31.909,7.8
490,2018-03-26 23:23:32.909,6.69
491,2018-03-26 23:23:33.910,6.81
492,2018-03-26 23:23:34.910,7.689999999999999
493,2018-03-26 23:23:35.912,6.81
494,2018-03-26 23:23:36.913,8.38
495,2018-03-26 23:23:37.918,7.8
496,2018-03-26 23:23:38.913,8.92
497,2018-03-26 23:23:39.914,8.65
498,2018-03-26 23:23:40.917,9.01
499,2018-03-26 23:23:41.915,7.8
500,2018-03-26 23:23:42.916,8.92
501,2018-03-26 23:23:44.916,7.37
502,2018-03-26 23:23:45.915,9.43
503,2018-03-26 23:23:46.920,9.84
504,2018-03-26 23:23:47.916,10.44
505,2018-03-26 23:23:48.916,10.01
506,2018-03-26 23:23:49.921,9.01
507,2018-03-26 23:23:50.917,8.38
508,2018-03-26 23:23:51.918,8.01
509,2018-03-26 23:23:52.920,8.83
510,2018-03-26 23:23:53.920,9.18
511,2018-03-26 23:23:54.919,8.1
512,2018-03-26 23:23:55.919,8.83
513,2018-03-26 23:23:56.919,10.09
514,2018-03-26 23:23:57.920,9.1
515,2018-03-26 23:23:58.929,9.18
516,2018-03-26 23:23:59.920,9.59
517,2018-03-26 23:24:00.920,9.26
518,2018-03-26 23:24:01.921,9.35
519,2018-03-26 23:24:02.921,9.1
520,2018-03-26 23:24:03.921,9.18
521,2018-03-26 23:24:04.922,9.76
522,2018-03-26 23:24:05.924,8.19
523,2018-03-26 23:24:06.923,7.47
524,2018-03-26 23:24:07.924,9.1
525,2018-03-26 23:24:08.922,9.01
526,2018-03-26 23:24:09.923,8.83
527,2018-03-26 23:24:11.923,9.1
528,2018-03-26 23:24:12.923,8.92
529,2018-03-26 23:24:13.923,9.26
530,2018-03-26 23:24:14.923,9.68
531,2018-03-26 23:24:15.923,8.47
532,2018-03-26 23:24:16.923,9.01
533,2018-03-26 23:24:17.924,8.29
534,2018-03-26 23:24:18.924,8.19
535,2018-03-26 23:24:19.924,7.91
536,2018-03-26 23:24:20.931,6.93
537,2018-03-26 23:24:21.925,7.58
538,2018-03-26 23:24:22.924,8.47
539,2018-03-26 23:24:23.924,9.18
540,2018-03-26 23:24:24.925,9.93
541,2018-03-26 23:24:26.930,8.65
542,2018-03-26 23:24:27.931,8.38
543,2018-03-26 23:24:28.927,8.1
544,2018-03-26 23:24:29.926,9.59
545,2018-03-26 23:24:30.931,10.09
546,2018-03-26 23:24:31.930,8.92
547,2018-03-26 23:24:33.927,9.43
548,2018-03-26 23:24:34.926,9.84
549,2018-03-26 23:24:35.927,8.65
550,2018-03-26 23:24:36.927,8.38
551,2018-03-26 23:24:37.928,8.56
552,2018-03-26 23:24:38.946,8.92
553,2018-03-26 23:24:39.928,9.1
554,2018-03-26 23:24:40.933,7.8
555,2018-03-26 23:24:41.931,8.1
556,2018-03-26 23:24:43.002,9.1
557,2018-03-26 23:24:44.029,8.38
558,2018-03-26 23:24:44.932,8.92
559,2018-03-26 23:24:45.941,10.86
560,2018-03-26 23:24:46.933,12.11
561,2018-03-26 23:24:47.936,8.56
562,2018-03-26 23:24:48.933,6.93
563,2018-03-26 23:24:49.933,8.47
564,2018-03-26 23:24:50.934,7.26
565,2018-03-26 23:24:51.935,7.91
566,2018-03-26 23:24:52.937,8.1
567,2018-03-26 23:24:53.935,8.92
568,2018-03-26 23:24:54.935,9.18
569,2018-03-26 23:24:55.935,9.76
570,2018-03-26 23:24:56.935,8.47
571,2018-03-26 23:24:57.935,9.01
572,2018-03-26 23:24:58.936,8.01
573,2018-03-26 23:24:59.935,9.51
574,2018-03-26 23:25:00.935,9.01
575,2018-03-26 23:25:01.935,8.83
576,2018-03-26 23:25:02.935,8.65
577,2018-03-26 23:25:03.984,8.1
578,2018-03-26 23:25:04.939,8.92
579,2018-03-26 23:25:05.940,10.18
580,2018-03-26 23:25:06.938,9.01
581,2018-03-26 23:25:07.942,8.83
582,2018-03-26 23:25:08.938,9.18
583,2018-03-26 23:25:09.938,9.1
584,2018-03-26 23:25:10.938,9.35
585,2018-03-26 23:25:12.940,9.84
586,2018-03-26 23:25:13.946,10.78
587,2018-03-26 23:25:14.940,7.26
588,2018-03-26 23:25:15.942,7.91
589,2018-03-26 23:25:16.961,9.26
590,2018-03-26 23:25:17.941,10.44
591,2018-03-26 23:25:18.942,9.93
592,2018-03-26 23:25:19.942,8.47
593,2018-03-26 23:25:20.942,8.01
594,2018-03-26 23:25:21.943,8.83
595,2018-03-26 23:25:22.948,7.58
596,2018-03-26 23:25:23.944,7.04
597,2018-03-26 23:25:24.943,8.83
598,2018-03-26 23:25:25.952,8.74
599,2018-03-26 23:25:26.944,9.1
600,2018-03-26 23:25:28.946,7.91
601,2018-03-26 23:25:29.945,8.47
602,2018-03-26 23:25:31.002,8.38
603,2018-03-26 23:25:31.945,8.47
604,2018-03-26 23:25:32.945,6.93
605,2018-03-26 23:25:33.945,7.47
606,2018-03-26 23:25:34.945,8.56
607,2018-03-26 23:25:35.946,9.01
608,2018-03-26 23:25:36.946,8.47
609,2018-03-26 23:25:37.946,8.19
610,2018-03-26 23:25:39.046,8.56
611,2018-03-26 23:25:39.949,9.01
612,2018-03-26 23:25:40.952,8.29
613,2018-03-26 23:25:41.952,8.19
614,2018-03-26 23:25:42.953,8.1
615,2018-03-26 23:25:43.950,7.15
616,2018-03-26 23:25:44.951,8.29
617,2018-03-26 23:25:45.986,8.65
618,2018-03-26 23:25:46.950,7.15
619,2018-03-26 23:25:47.952,8.01
620,2018-03-26 23:25:48.953,7.8
621,2018-03-26 23:25:49.956,9.18
622,2018-03-26 23:25:50.955,8.92
623,2018-03-26 23:25:51.963,9.35
624,2018-03-26 23:25:52.953,9.18
625,2018-03-26 23:25:53.956,8.92
626,2018-03-26 23:25:54.953,8.65
627,2018-03-26 23:25:55.954,8.29
628,2018-03-26 23:25:56.954,7.37
629,2018-03-26 23:25:57.954,7.689999999999999
630,2018-03-26 23:25:58.954,9.51
631,2018-03-26 23:25:59.955,9.18
632,2018-03-26 23:26:00.955,10.44
633,2018-03-26 23:26:01.955,9.59
634,2018-03-26 23:26:02.956,8.56
635,2018-03-26 23:26:04.011,7.689999999999999
636,2018-03-26 23:26:04.960,8.01
637,2018-03-26 23:26:05.993,8.19
638,2018-03-26 23:26:06.958,7.15
639,2018-03-26 23:26:07.958,8.01
640,2018-03-26 23:26:08.959,8.74
641,2018-03-26 23:26:09.960,8.19
642,2018-03-26 23:26:10.960,8.47
643,2018-03-26 23:26:11.965,8.83
644,2018-03-26 23:26:12.964,8.74
645,2018-03-26 23:26:13.999,7.8
646,2018-03-26 23:26:14.962,6.93
647,2018-03-26 23:26:15.962,6.09
648,2018-03-26 23:26:16.962,8.01
649,2018-03-26 23:26:17.963,9.1
650,2018-03-26 23:26:18.963,8.47
651,2018-03-26 23:26:19.965,7.04
652,2018-03-26 23:26:20.964,8.65
653,2018-03-26 23:26:21.964,8.01
654,2018-03-26 23:26:22.965,7.04
655,2018-03-26 23:26:23.966,6.09
656,2018-03-26 23:26:24.967,6.21
657,2018-03-26 23:26:25.966,6.45
658,2018-03-26 23:26:26.971,7.8
659,2018-03-26 23:26:27.968,8.01
660,2018-03-26 23:26:28.968,8.29
661,2018-03-26 23:26:30.004,9.68
662,2018-03-26 23:26:30.969,9.1
663,2018-03-26 23:26:31.970,8.19
664,2018-03-26 23:26:32.972,8.47
665,2018-03-26 23:26:33.974,8.01
666,2018-03-26 23:26:34.975,6.93
667,2018-03-26 23:26:35.976,7.47
668,2018-03-26 23:26:37.013,8.74
669,2018-03-26 23:26:37.980,7.689999999999999
670,2018-03-26 23:26:39.037,8.47
671,2018-03-26 23:26:39.974,9.01
672,2018-03-26 23:26:40.974,8.38
673,2018-03-26 23:26:41.975,9.84
674,2018-03-26 23:26:42.979,9.59
675,2018-03-26 23:26:43.976,7.8
676,2018-03-26 23:26:44.977,9.01
677,2018-03-26 23:26:45.978,8.92
678,2018-03-26 23:26:46.977,9.51
679,2018-03-26 23:26:47.980,8.83
680,2018-03-26 23:26:49.121,8.56
681,2018-03-26 23:26:50.096,8.83
682,2018-03-26 23:26:50.978,8.92
683,2018-03-26 23:26:51.978,9.01
684,2018-03-26 23:26:53.016,8.92
685,2018-03-26 23:26:53.999,8.29
686,2018-03-26 23:26:54.979,9.59
687,2018-03-26 23:26:55.988,9.76
688,2018-03-26 23:26:57.065,9.18
689,2018-03-26 23:26:58.979,8.1
690,2018-03-26 23:26:59.983,7.58
691,2018-03-26 23:27:01.119,8.1
692,2018-03-26 23:27:01.988,8.83
693,2018-03-26 23:27:02.983,9.1
694,2018-03-26 23:27:03.980,10.27
695,2018-03-26 23:27:04.980,8.74
696,2018-03-26 23:27:05.981,8.56
697,2018-03-26 23:27:07.007,8.38
698,2018-03-26 23:27:07.982,7.8
699,2018-03-26 23:27:08.994,8.1
700,2018-03-26 23:27:09.988,8.38
701,2018-03-26 23:27:10.985,8.19
702,2018-03-26 23:27:12.114,7.8
703,2018-03-26 23:27:12.984,7.47
704,2018-03-26 23:27:13.986,7.58
705,2018-03-26 23:27:14.987,8.01
706,2018-03-26 23:27:15.986,8.38
707,2018-03-26 23:27:16.988,8.65
708,2018-03-26 23:27:18.067,9.68
709,2018-03-26 23:27:18.988,9.84
710,2018-03-26 23:27:19.990,9.51
711,2018-03-26 23:27:20.991,8.19
712,2018-03-26 23:27:22.005,9.18
713,2018-03-26 23:27:23.102,9.01
714,2018-03-26 23:27:24.013,8.92
715,2018-03-26 23:27:25.992,9.59
716,2018-03-26 23:27:26.991,7.91
717,2018-03-26 23:27:28.118,8.92
718,2018-03-26 23:27:28.991,9.35
719,2018-03-26 23:27:29.992,9.59
720,2018-03-26 23:27:30.993,8.92
721,2018-03-26 23:27:31.994,9.35
722,2018-03-26 23:27:32.997,8.29
723,2018-03-26 23:27:33.995,8.47
724,2018-03-26 23:27:34.995,8.92
725,2018-03-26 23:27:35.994,9.18
726,2018-03-26 23:27:36.994,7.689999999999999
727,2018-03-26 23:27:37.995,10.18
728,2018-03-26 23:27:39.124,10.35
729,2018-03-26 23:27:39.995,9.84
730,2018-03-26 23:27:40.995,8.1
731,2018-03-26 23:27:41.995,9.76
732,2018-03-26 23:27:42.997,8.1
733,2018-03-26 23:27:43.996,7.58
734,2018-03-26 23:27:44.999,7.91
735,2018-03-26 23:27:45.996,8.83
736,2018-03-26 23:27:46.996,10.01
737,2018-03-26 23:27:47.996,10.35
738,2018-03-26 23:27:48.997,10.09
739,2018-03-26 23:27:50.110,9.35
740,2018-03-26 23:27:50.998,9.59
741,2018-03-26 23:27:51.998,9.76
742,2018-03-26 23:27:52.998,8.1
743,2018-03-26 23:27:53.999,9.01
744,2018-03-26 23:27:54.999,8.29
745,2018-03-26 23:27:55.999,8.38
746,2018-03-26 23:27:56.999,9.84
747,2018-03-26 23:27:58.001,10.27
748,2018-03-26 23:27:59.002,7.689999999999999
749,2018-03-26 23:28:01.000,8.83
750,2018-03-26 23:28:02.000,8.56
751,2018-03-26 23:28:03.003,9.26
752,2018-03-26 23:28:04.002,9.1
753,2018-03-26 23:28:05.001,9.43
754,2018-03-26 23:28:06.002,9.1
755,2018-03-26 23:28:07.002,8.65
756,2018-03-26 23:28:08.005,10.27
757,2018-03-26 23:28:09.006,7.58
758,2018-03-26 23:28:10.131,7.8
759,2018-03-26 23:28:11.005,8.56
760,2018-03-26 23:28:12.007,8.19
761,2018-03-26 23:28:13.006,8.47
762,2018-03-26 23:28:14.130,9.26
763,2018-03-26 23:28:15.007,9.01
764,2018-03-26 23:28:16.008,8.38
765,2018-03-26 23:28:17.009,8.29
766,2018-03-26 23:28:18.008,7.8
767,2018-03-26 23:28:20.011,8.29
768,2018-03-26 23:28:21.010,8.19
769,2018-03-26 23:28:22.014,8.74
770,2018-03-26 23:28:23.010,7.58
771,2018-03-26 23:28:24.010,8.38
772,2018-03-26 23:28:25.010,8.56
773,2018-03-26 23:28:26.011,7.47
774,2018-03-26 23:28:27.012,7.58
775,2018-03-26 23:28:28.125,7.26
776,2018-03-26 23:28:29.012,8.47
777,2018-03-26 23:28:30.013,8.1
778,2018-03-26 23:28:31.013,8.19
779,2018-03-26 23:28:32.131,8.83
780,2018-03-26 23:28:33.029,7.8
781,2018-03-26 23:28:34.014,8.29
782,2018-03-26 23:28:35.016,7.91
783,2018-03-26 23:28:37.015,8.47
784,2018-03-26 23:28:38.018,7.37
785,2018-03-26 23:28:39.018,8.1
786,2018-03-26 23:28:40.018,9.68
787,2018-03-26 23:28:41.018,9.43
788,2018-03-26 23:28:42.017,9.18
789,2018-03-26 23:28:43.079,10.18
790,2018-03-26 23:28:44.030,9.1
791,2018-03-26 23:28:45.019,8.56
792,2018-03-26 23:28:46.020,7.91
793,2018-03-26 23:28:47.020,9.26
794,2018-03-26 23:28:48.021,8.29
795,2018-03-26 23:28:49.130,8.65
796,2018-03-26 23:28:50.021,7.91
797,2018-03-26 23:28:51.021,8.83
798,2018-03-26 23:28:52.040,8.92
799,2018-03-26 23:28:53.021,10.01
800,2018-03-26 23:28:54.024,9.68
801,2018-03-26 23:28:55.023,9.18
802,2018-03-26 23:28:56.030,8.19
803,2018-03-26 23:28:57.104,9.01
804,2018-03-26 23:28:58.024,7.37
805,2018-03-26 23:28:59.114,7.8
806,2018-03-26 23:29:00.024,8.56
807,2018-03-26 23:29:01.030,8.74
808,2018-03-26 23:29:02.028,7.91
809,2018-03-26 23:29:03.039,8.56
810,2018-03-26 23:29:04.026,7.47
811,2018-03-26 23:29:05.027,8.56
812,2018-03-26 23:29:06.026,8.74
813,2018-03-26 23:29:07.027,8.01
814,2018-03-26 23:29:08.027,6.45
815,2018-03-26 23:29:09.028,8.1
816,2018-03-26 23:29:10.171,9.51
817,2018-03-26 23:29:11.028,10.01
818,2018-03-26 23:29:12.030,7.91
819,2018-03-26 23:29:13.029,9.1
820,2018-03-26 23:29:14.029,9.59
821,2018-03-26 23:29:15.030,8.74
822,2018-03-26 23:29:16.071,8.19
823,2018-03-26 23:29:17.030,8.92
824,2018-03-26 23:29:18.031,7.8
825,2018-03-26 23:29:19.184,8.65
826,2018-03-26 23:29:21.036,8.29
827,2018-03-26 23:29:22.036,7.58
828,2018-03-26 23:29:23.175,7.04
829,2018-03-26 23:29:24.037,8.74
830,2018-03-26 23:29:25.194,9.26
831,2018-03-26 23:29:26.036,9.01
832,2018-03-26 23:29:29.038,7.58
833,2018-03-26 23:29:30.038,8.83
834,2018-03-26 23:29:32.038,8.29
835,2018-03-26 23:29:33.042,8.92
836,2018-03-26 23:29:34.039,8.83
837,2018-03-26 23:29:35.040,8.1
838,2018-03-26 23:29:37.044,8.56
839,2018-03-26 23:29:38.194,9.43
840,2018-03-26 23:29:39.185,9.01
841,2018-03-26 23:29:41.043,7.04
842,2018-03-26 23:29:42.042,8.19
843,2018-03-26 23:29:43.042,8.38
844,2018-03-26 23:29:44.043,8.29
845,2018-03-26 23:29:45.044,7.26
846,2018-03-26 23:29:46.044,7.47
847,2018-03-26 23:29:48.046,8.38
848,2018-03-26 23:29:50.045,8.92
849,2018-03-26 23:29:51.045,8.38
850,2018-03-26 23:29:52.046,8.01
851,2018-03-26 23:29:53.048,7.91
852,2018-03-26 23:29:54.048,8.29
853,2018-03-26 23:29:55.048,7.8
854,2018-03-26 23:29:57.049,7.58
855,2018-03-26 23:29:58.055,9.18
856,2018-03-26 23:29:59.094,8.19
857,2018-03-26 23:30:01.049,8.47
858,2018-03-26 23:30:02.051,8.65
859,2018-03-26 23:30:03.051,8.83
860,2018-03-26 23:30:04.050,8.47
861,2018-03-26 23:30:05.051,8.01
862,2018-03-26 23:30:06.050,7.8
863,2018-03-26 23:30:07.050,8.29
864,2018-03-26 23:30:09.050,8.56
865,2018-03-26 23:30:10.053,9.18
866,2018-03-26 23:30:11.053,7.37
867,2018-03-26 23:30:13.053,9.01
868,2018-03-26 23:30:14.052,9.51
869,2018-03-26 23:30:15.053,7.26
870,2018-03-26 23:30:16.053,8.47
871,2018-03-26 23:30:17.054,9.1
872,2018-03-26 23:30:18.053,9.43
873,2018-03-26 23:30:19.053,8.47
874,2018-03-26 23:30:20.054,8.1
875,2018-03-26 23:30:21.055,9.51
876,2018-03-26 23:30:22.058,9.26
877,2018-03-26 23:30:23.057,8.38
878,2018-03-26 23:30:25.072,8.1
879,2018-03-26 23:30:26.056,9.43
880,2018-03-26 23:30:27.114,8.92
881,2018-03-26 23:30:28.058,9.35
882,2018-03-26 23:30:29.057,8.92
883,2018-03-26 23:30:30.057,9.51
884,2018-03-26 23:30:31.060,10.27
885,2018-03-26 23:30:32.061,9.59
886,2018-03-26 23:30:33.061,8.56
887,2018-03-26 23:30:34.059,8.65
888,2018-03-26 23:30:35.058,6.69
889,2018-03-26 23:30:36.072,8.83
890,2018-03-26 23:30:37.059,10.01
891,2018-03-26 23:30:38.059,9.68
892,2018-03-26 23:30:39.060,8.29
893,2018-03-26 23:30:40.060,8.83
894,2018-03-26 23:30:41.060,8.47
895,2018-03-26 23:30:42.086,8.38
896,2018-03-26 23:30:43.061,8.56
897,2018-03-26 23:30:44.061,9.18
898,2018-03-26 23:30:45.062,7.8
899,2018-03-26 23:30:46.065,7.47
900,2018-03-26 23:30:47.064,8.56
901,2018-03-26 23:30:48.062,7.8
902,2018-03-26 23:30:49.064,7.58
903,2018-03-26 23:30:50.065,8.01
904,2018-03-26 23:30:51.065,9.18
905,2018-03-26 23:30:52.064,9.84
906,2018-03-26 23:30:53.064,7.91
907,2018-03-26 23:30:54.064,8.19
908,2018-03-26 23:30:55.064,7.26
909,2018-03-26 23:30:56.066,8.56
910,2018-03-26 23:30:57.066,8.83
911,2018-03-26 23:30:58.068,9.01
912,2018-03-26 23:30:59.067,8.1
913,2018-03-26 23:31:00.067,9.1
914,2018-03-26 23:31:01.065,10.27
915,2018-03-26 23:31:02.066,10.44
916,2018-03-26 23:31:03.065,7.8
917,2018-03-26 23:31:04.066,7.689999999999999
918,2018-03-26 23:31:05.066,7.26
919,2018-03-26 23:31:06.067,8.1
920,2018-03-26 23:31:07.067,8.65
921,2018-03-26 23:31:08.067,7.37
922,2018-03-26 23:31:09.067,9.18
923,2018-03-26 23:31:10.071,9.43
924,2018-03-26 23:31:11.069,9.18
925,2018-03-26 23:31:12.096,9.1
926,2018-03-26 23:31:13.070,9.51
927,2018-03-26 23:31:14.070,8.74
928,2018-03-26 23:31:15.069,10.09
929,2018-03-26 23:31:16.069,8.92
930,2018-03-26 23:31:17.069,8.74
931,2018-03-26 23:31:18.070,8.01
932,2018-03-26 23:31:20.071,7.91
933,2018-03-26 23:31:22.075,7.8
934,2018-03-26 23:31:23.073,8.1
935,2018-03-26 23:31:24.071,8.29
936,2018-03-26 23:31:25.132,8.92
937,2018-03-26 23:31:26.072,9.18
938,2018-03-26 23:31:27.072,8.38
939,2018-03-26 23:31:28.074,8.01
940,2018-03-26 23:31:29.073,7.47
941,2018-03-26 23:31:30.074,5.47
942,2018-03-26 23:31:31.087,6.33
943,2018-03-26 23:31:32.074,8.1
944,2018-03-26 23:31:33.075,9.26
945,2018-03-26 23:31:34.126,8.47
946,2018-03-26 23:31:35.074,9.18
947,2018-03-26 23:31:36.076,7.689999999999999
948,2018-03-26 23:31:37.075,7.91
949,2018-03-26 23:31:38.076,8.29
950,2018-03-26 23:31:39.083,9.26
951,2018-03-26 23:31:40.076,8.19
952,2018-03-26 23:31:41.076,9.43
953,2018-03-26 23:31:42.130,9.26
954,2018-03-26 23:31:43.080,9.84
955,2018-03-26 23:31:44.078,8.47
956,2018-03-26 23:31:46.077,7.47
957,2018-03-26 23:31:47.081,8.29
958,2018-03-26 23:31:48.080,8.1
959,2018-03-26 23:31:49.090,8.38
960,2018-03-26 23:31:51.080,8.65
961,2018-03-26 23:31:52.081,8.92
962,2018-03-26 23:31:53.081,9.1
963,2018-03-26 23:31:54.081,8.38
964,2018-03-26 23:31:55.082,7.91
965,2018-03-26 23:31:56.085,7.8
966,2018-03-26 23:31:57.083,6.69
967,2018-03-26 23:31:58.082,7.8
968,2018-03-26 23:31:59.083,6.81
969,2018-03-26 23:32:00.084,9.18
970,2018-03-26 23:32:01.084,9.68
971,2018-03-26 23:32:02.084,8.65
972,2018-03-26 23:32:03.097,7.689999999999999
973,2018-03-26 23:32:04.085,7.26
974,2018-03-26 23:32:05.085,8.1
975,2018-03-26 23:32:06.088,9.1
976,2018-03-26 23:32:07.086,8.29
977,2018-03-26 23:32:08.087,7.58
978,2018-03-26 23:32:09.143,7.26
979,2018-03-26 23:32:10.087,6.09
980,2018-03-26 23:32:11.086,5.34
981,2018-03-26 23:32:12.101,9.01
982,2018-03-26 23:32:13.087,8.47
983,2018-03-26 23:32:14.088,8.29
984,2018-03-26 23:32:15.088,8.19
985,2018-03-26 23:32:16.090,7.58
986,2018-03-26 23:32:17.089,6.81
987,2018-03-26 23:32:18.089,8.01
988,2018-03-26 23:32:19.091,8.92
989,2018-03-26 23:32:20.090,9.01
990,2018-03-26 23:32:21.093,8.65
991,2018-03-26 23:32:22.091,8.83
992,2018-03-26 23:32:23.092,8.47
993,2018-03-26 23:32:24.092,9.01
994,2018-03-26 23:32:25.095,9.76
995,2018-03-26 23:32:26.093,8.74
996,2018-03-26 23:32:27.094,8.83
997,2018-03-26 23:32:28.096,8.92
998,2018-03-26 23:32:29.096,8.83
999,2018-03-26 23:32:30.095,8.38
1000,2018-03-26 23:32:31.099,7.37
1001,2018-03-26 23:32:32.097,8.47
1002,2018-03-26 23:32:33.096,7.04
1003,2018-03-26 23:32:34.096,7.91
1004,2018-03-26 23:32:35.096,8.47
1005,2018-03-26 23:32:36.098,8.83
1006,2018-03-26 23:32:37.098,8.01
1007,2018-03-26 23:32:38.098,8.38
1008,2018-03-26 23:32:39.136,7.91
1009,2018-03-26 23:32:40.100,7.15
1010,2018-03-26 23:32:41.100,9.18
1011,2018-03-26 23:32:43.101,9.1
1012,2018-03-26 23:32:44.101,8.92
1013,2018-03-26 23:32:45.103,8.38
1014,2018-03-26 23:32:46.113,8.56
1015,2018-03-26 23:32:47.103,8.74
1016,2018-03-26 23:32:48.104,9.1
1017,2018-03-26 23:32:49.105,8.01
1018,2018-03-26 23:32:50.105,7.8
1019,2018-03-26 23:32:51.105,7.58
1020,2018-03-26 23:32:52.106,9.01
1021,2018-03-26 23:32:53.106,9.76
1022,2018-03-26 23:32:54.109,9.1
1023,2018-03-26 23:32:55.105,7.47
1024,2018-03-26 23:32:56.107,7.04
1025,2018-03-26 23:32:57.106,8.19
1026,2018-03-26 23:32:58.106,9.18
1027,2018-03-26 23:32:59.108,8.65
1028,2018-03-26 23:33:00.106,8.92
1029,2018-03-26 23:33:01.114,9.1
1030,2018-03-26 23:33:02.110,9.68
1031,2018-03-26 23:33:03.107,9.43
1032,2018-03-26 23:33:04.108,8.74
1033,2018-03-26 23:33:05.108,8.29
1034,2018-03-26 23:33:06.108,8.1
1035,2018-03-26 23:33:07.108,7.04
1036,2018-03-26 23:33:08.108,8.19
1037,2018-03-26 23:33:09.108,9.01
1038,2018-03-26 23:33:10.109,7.8
1039,2018-03-26 23:33:11.108,8.65
1040,2018-03-26 23:33:12.109,8.83
1041,2018-03-26 23:33:13.110,9.18
1042,2018-03-26 23:33:14.170,7.8
1043,2018-03-26 23:33:15.113,8.29
1044,2018-03-26 23:33:16.112,7.8
1045,2018-03-26 23:33:17.111,7.689999999999999
1046,2018-03-26 23:33:18.111,7.37
1047,2018-03-26 23:33:19.111,8.83
1048,2018-03-26 23:33:20.111,9.01
1049,2018-03-26 23:33:21.110,8.38
1050,2018-03-26 23:33:22.112,7.04
1051,2018-03-26 23:33:23.111,7.58
1052,2018-03-26 23:33:24.111,7.689999999999999
1053,2018-03-26 23:33:25.120,8.1
1054,2018-03-26 23:33:26.112,7.91
1055,2018-03-26 23:33:27.111,9.01
1056,2018-03-26 23:33:28.114,7.04
1057,2018-03-26 23:33:29.111,7.15
1058,2018-03-26 23:33:30.117,6.93
1059,2018-03-26 23:33:31.112,8.01
1060,2018-03-26 23:33:32.112,9.26
1061,2018-03-26 23:33:33.112,9.68
1062,2018-03-26 23:33:34.113,6.45
1063,2018-03-26 23:33:35.113,6.69
1064,2018-03-26 23:33:36.113,7.26
1065,2018-03-26 23:33:37.115,6.69
1066,2018-03-26 23:33:38.116,8.1
1067,2018-03-26 23:33:39.114,8.56
1068,2018-03-26 23:33:40.114,8.29
1069,2018-03-26 23:33:41.114,9.01
1070,2018-03-26 23:33:42.123,7.8
1071,2018-03-26 23:33:43.115,8.83
1072,2018-03-26 23:33:44.116,7.47
1073,2018-03-26 23:33:45.116,7.58
1074,2018-03-26 23:33:46.116,6.93
1075,2018-03-26 23:33:47.116,7.47
1076,2018-03-26 23:33:49.121,5.72
1077,2018-03-26 23:33:50.119,8.65
1078,2018-03-26 23:33:51.117,8.56
1079,2018-03-26 23:33:52.118,8.1
1080,2018-03-26 23:33:53.118,8.19
1081,2018-03-26 23:33:54.119,8.47
1082,2018-03-26 23:33:55.119,7.689999999999999
1083,2018-03-26 23:33:56.119,9.01
1084,2018-03-26 23:33:57.119,9.59
1085,2018-03-26 23:33:58.119,8.92
1086,2018-03-26 23:33:59.123,8.29
1087,2018-03-26 23:34:00.121,8.19
1088,2018-03-26 23:34:01.127,5.34
1089,2018-03-26 23:34:02.133,6.57
1090,2018-03-26 23:34:03.123,7.37
1091,2018-03-26 23:34:04.122,8.29
1092,2018-03-26 23:34:05.122,9.35
1093,2018-03-26 23:34:06.123,9.68
1094,2018-03-26 23:34:07.122,7.47
1095,2018-03-26 23:34:08.131,7.689999999999999
1096,2018-03-26 23:34:09.124,7.37
1097,2018-03-26 23:34:10.125,8.01
1098,2018-03-26 23:34:11.126,8.29
1099,2018-03-26 23:34:12.126,7.58
1100,2018-03-26 23:34:13.126,7.689999999999999
1101,2018-03-26 23:34:14.125,8.65
1102,2018-03-26 23:34:15.125,8.1
1103,2018-03-26 23:34:16.126,7.58
1104,2018-03-26 23:34:17.143,7.37
1105,2018-03-26 23:34:18.126,8.19
1106,2018-03-26 23:34:19.126,9.26
1107,2018-03-26 23:34:20.127,9.18
1108,2018-03-26 23:34:21.127,8.38
1109,2018-03-26 23:34:22.127,8.29
1110,2018-03-26 23:34:23.128,8.38
1111,2018-03-26 23:34:24.128,9.18
1112,2018-03-26 23:34:25.132,9.93
1113,2018-03-26 23:34:26.130,9.01
1114,2018-03-26 23:34:27.130,7.26
1115,2018-03-26 23:34:28.130,7.47
1116,2018-03-26 23:34:29.136,9.35
1117,2018-03-26 23:34:30.131,8.1
1118,2018-03-26 23:34:31.131,7.58
1119,2018-03-26 23:34:33.132,8.1
1120,2018-03-26 23:34:34.132,7.47
1121,2018-03-26 23:34:35.132,8.56
1122,2018-03-26 23:34:38.136,9.1
1123,2018-03-26 23:34:39.135,9.18
1124,2018-03-26 23:34:40.236,8.65
1125,2018-03-26 23:34:41.135,7.58
1126,2018-03-26 23:34:42.134,8.19
1127,2018-03-26 23:34:43.139,7.91
1128,2018-03-26 23:34:44.137,7.47
1129,2018-03-26 23:34:45.135,7.37
1130,2018-03-26 23:34:46.135,7.47
1131,2018-03-26 23:34:47.135,8.47
1132,2018-03-26 23:34:48.221,8.38
1133,2018-03-26 23:34:49.138,8.01
1134,2018-03-26 23:34:50.136,6.21
1135,2018-03-26 23:34:51.135,8.19
1136,2018-03-26 23:34:52.135,10.61
1137,2018-03-26 23:34:53.139,9.26
1138,2018-03-26 23:34:54.239,8.74
1139,2018-03-26 23:34:55.137,8.65
1140,2018-03-26 23:34:56.138,6.69
1141,2018-03-26 23:34:57.140,7.689999999999999
1142,2018-03-26 23:34:58.172,8.19
1143,2018-03-26 23:34:59.138,8.74
1144,2018-03-26 23:35:00.138,7.91
1145,2018-03-26 23:35:01.138,9.01
1146,2018-03-26 23:35:02.138,8.47
1147,2018-03-26 23:35:03.181,7.91
1148,2018-03-26 23:35:04.140,8.47
1149,2018-03-26 23:35:05.139,8.56
1150,2018-03-26 23:35:06.154,7.47
1151,2018-03-26 23:35:07.155,9.18
1152,2018-03-26 23:35:08.158,8.38
1153,2018-03-26 23:35:09.156,8.83
1154,2018-03-26 23:35:10.157,8.56
1155,2018-03-26 23:35:12.156,7.47
1156,2018-03-26 23:35:13.157,7.689999999999999
1157,2018-03-26 23:35:16.157,8.74
1158,2018-03-26 23:35:18.159,5.84
1159,2018-03-26 23:35:19.159,7.26
1160,2018-03-26 23:35:21.158,9.76
1161,2018-03-26 23:35:22.158,8.38
1162,2018-03-26 23:35:23.159,7.58
1163,2018-03-26 23:35:24.159,9.1
1164,2018-03-26 23:35:25.160,7.8
1165,2018-03-26 23:35:26.160,7.26
1166,2018-03-26 23:35:27.160,6.81
1167,2018-03-26 23:35:28.161,7.91
1168,2018-03-26 23:35:29.161,8.74
1169,2018-03-26 23:35:30.161,9.01
1170,2018-03-26 23:35:31.161,8.1
1171,2018-03-26 23:35:32.161,9.01
1172,2018-03-26 23:35:33.163,7.91
1173,2018-03-26 23:35:34.162,8.19
1174,2018-03-26 23:35:35.162,8.47
1175,2018-03-26 23:35:36.163,8.1
1176,2018-03-26 23:35:37.164,7.689999999999999
1177,2018-03-26 23:35:38.167,8.83
1178,2018-03-26 23:35:39.164,8.65
1179,2018-03-26 23:35:40.164,8.19
1180,2018-03-26 23:35:42.171,8.56
1181,2018-03-26 23:35:43.172,8.74
1182,2018-03-26 23:35:44.167,9.01
1183,2018-03-26 23:35:46.170,9.43
1184,2018-03-26 23:35:47.173,8.38
1185,2018-03-26 23:35:49.179,9.1
1186,2018-03-26 23:35:50.167,8.47
1187,2018-03-26 23:35:51.168,9.1
1188,2018-03-26 23:35:52.169,9.84
1189,2018-03-26 23:35:53.168,8.92
1190,2018-03-26 23:35:54.170,8.56
1191,2018-03-26 23:35:56.169,7.37
1192,2018-03-26 23:35:57.170,8.56
1193,2018-03-26 23:35:58.171,9.26
1194,2018-03-26 23:35:59.171,9.76
1195,2018-03-26 23:36:00.233,10.27
1196,2018-03-26 23:36:01.171,9.01
1197,2018-03-26 23:36:02.172,8.92
1198,2018-03-26 23:36:03.180,7.91
1199,2018-03-26 23:36:04.172,7.37
1200,2018-03-26 23:36:05.173,7.91
1201,2018-03-26 23:36:06.160,8.19
1202,2018-03-26 23:36:08.159,8.47
1203,2018-03-26 23:36:09.159,7.689999999999999
1204,2018-03-26 23:36:10.160,8.29
1205,2018-03-26 23:36:11.160,8.19
1206,2018-03-26 23:36:12.159,8.56
1207,2018-03-26 23:36:13.160,8.47
1208,2018-03-26 23:36:14.160,7.91
1209,2018-03-26 23:36:15.186,7.26
1210,2018-03-26 23:36:16.162,8.29
1211,2018-03-26 23:36:17.161,7.47
1212,2018-03-26 23:36:18.162,8.29
1213,2018-03-26 23:36:19.161,7.15
1214,2018-03-26 23:36:20.167,8.19
1215,2018-03-26 23:36:21.162,7.58
1216,2018-03-26 23:36:22.162,8.74
1217,2018-03-26 23:36:23.162,8.83
1218,2018-03-26 23:36:24.243,9.1
1219,2018-03-26 23:36:25.166,10.61
1220,2018-03-26 23:36:26.165,9.35
1221,2018-03-26 23:36:27.164,9.1
1222,2018-03-26 23:36:28.284,8.1
1223,2018-03-26 23:36:29.171,7.91
1224,2018-03-26 23:36:30.237,8.29
1225,2018-03-26 23:36:31.166,8.19
1226,2018-03-26 23:36:32.165,9.26
1227,2018-03-26 23:36:33.175,8.19
1228,2018-03-26 23:36:34.174,7.91
1229,2018-03-26 23:36:35.165,8.83
1230,2018-03-26 23:36:36.167,9.84
1231,2018-03-26 23:36:37.167,9.76
1232,2018-03-26 23:36:38.168,8.47
1233,2018-03-26 23:36:39.168,7.8
1234,2018-03-26 23:36:40.170,8.01
1235,2018-03-26 23:36:41.174,7.47
1236,2018-03-26 23:36:42.175,8.65
1237,2018-03-26 23:36:43.173,9.18
1238,2018-03-26 23:36:44.251,8.1
1239,2018-03-26 23:36:45.172,9.68
1240,2018-03-26 23:36:46.173,10.01
1241,2018-03-26 23:36:47.173,8.83
1242,2018-03-26 23:36:48.173,8.56
1243,2018-03-26 23:36:49.174,7.91
1244,2018-03-26 23:36:50.292,8.38
1245,2018-03-26 23:36:51.299,8.19
1246,2018-03-26 23:36:52.177,8.38
1247,2018-03-26 23:36:53.176,8.92
1248,2018-03-26 23:36:54.176,8.1
1249,2018-03-26 23:36:55.183,9.1
1250,2018-03-26 23:36:56.178,9.01
1251,2018-03-26 23:36:57.176,9.51
1252,2018-03-26 23:36:58.176,9.35
1253,2018-03-26 23:36:59.177,7.15
1254,2018-03-26 23:37:00.178,6.93
1255,2018-03-26 23:37:01.178,7.47
1256,2018-03-26 23:37:02.178,7.8
1257,2018-03-26 23:37:03.178,7.91
1258,2018-03-26 23:37:04.181,8.92
1259,2018-03-26 23:37:05.181,8.65
1260,2018-03-26 23:37:06.179,8.01
1261,2018-03-26 23:37:07.181,8.38
1262,2018-03-26 23:37:08.180,10.78
1263,2018-03-26 23:37:09.180,9.59
1264,2018-03-26 23:37:10.182,7.91
1265,2018-03-26 23:37:11.182,9.84
1266,2018-03-26 23:37:12.181,8.83
1267,2018-03-26 23:37:13.181,7.37
1268,2018-03-26 23:37:14.182,7.26
1269,2018-03-26 23:37:15.293,7.47
1270,2018-03-26 23:37:17.183,8.56
1271,2018-03-26 23:37:18.181,8.19
1272,2018-03-26 23:37:19.297,9.35
1273,2018-03-26 23:37:20.182,9.84
1274,2018-03-26 23:37:21.183,8.29
1275,2018-03-26 23:37:22.205,6.93
1276,2018-03-26 23:37:23.183,7.37
1277,2018-03-26 23:37:25.183,8.29
1278,2018-03-26 23:37:26.184,10.01
1279,2018-03-26 23:37:27.185,9.51
1280,2018-03-26 23:37:28.185,8.92
1281,2018-03-26 23:37:30.186,8.56
1282,2018-03-26 23:37:31.186,7.58
1283,2018-03-26 23:37:32.187,8.29
1284,2018-03-26 23:37:33.187,9.1
1285,2018-03-26 23:37:34.187,8.19
1286,2018-03-26 23:37:35.190,6.93
1287,2018-03-26 23:37:36.188,8.29
1288,2018-03-26 23:37:37.192,8.92
1289,2018-03-26 23:37:38.190,8.74
1290,2018-03-26 23:37:39.191,9.1
1291,2018-03-26 23:37:40.191,9.76
1292,2018-03-26 23:37:41.192,9.01
1293,2018-03-26 23:37:42.200,8.92
1294,2018-03-26 23:37:43.190,8.56
1295,2018-03-26 23:37:44.191,9.26
1296,2018-03-26 23:37:45.191,8.38
1297,2018-03-26 23:37:46.335,8.56
1298,2018-03-26 23:37:47.296,8.65
1299,2018-03-26 23:37:48.191,9.59
1300,2018-03-26 23:37:49.192,9.84
1301,2018-03-26 23:37:50.192,9.93
1302,2018-03-26 23:37:51.193,9.35
1303,2018-03-26 23:37:52.297,10.52
1304,2018-03-26 23:37:53.299,11.13
1305,2018-03-26 23:37:54.201,9.84
1306,2018-03-26 23:37:55.194,9.68
1307,2018-03-26 23:37:56.195,9.93
1308,2018-03-26 23:37:57.197,8.1
1309,2018-03-26 23:37:58.196,8.19
1310,2018-03-26 23:37:59.197,7.689999999999999
1311,2018-03-26 23:38:00.200,8.83
1312,2018-03-26 23:38:01.197,9.43
1313,2018-03-26 23:38:02.197,9.84
1314,2018-03-26 23:38:03.199,8.56
1315,2018-03-26 23:38:04.295,8.19
1316,2018-03-26 23:38:05.199,9.76
1317,2018-03-26 23:38:06.198,9.26
1318,2018-03-26 23:38:07.198,7.58
1319,2018-03-26 23:38:08.199,7.47
1320,2018-03-26 23:38:09.250,6.93
1321,2018-03-26 23:38:10.199,7.47
1322,2018-03-26 23:38:11.308,7.91
1323,2018-03-26 23:38:12.201,9.1
1324,2018-03-26 23:38:13.200,7.8
1325,2018-03-26 23:38:14.200,8.29
1326,2018-03-26 23:38:15.200,8.47
1327,2018-03-26 23:38:16.201,8.38
1328,2018-03-26 23:38:17.201,7.37
1329,2018-03-26 23:38:18.201,8.01
1330,2018-03-26 23:38:19.350,7.91
1331,2018-03-26 23:38:20.250,8.1
1332,2018-03-26 23:38:21.202,7.26
1333,2018-03-26 23:38:22.202,6.45
1334,2018-03-26 23:38:23.206,8.19
1335,2018-03-26 23:38:24.205,9.01
1336,2018-03-26 23:38:26.204,7.91
1337,2018-03-26 23:38:27.204,8.47
1338,2018-03-26 23:38:28.204,8.56
1339,2018-03-26 23:38:29.204,7.04
1340,2018-03-26 23:38:30.204,8.29
1341,2018-03-26 23:38:31.204,7.37
1342,2018-03-26 23:38:32.204,6.69
1343,2018-03-26 23:38:33.205,9.26
1344,2018-03-26 23:38:34.207,7.8
1345,2018-03-26 23:38:35.216,7.689999999999999
1346,2018-03-26 23:38:36.206,7.26
1347,2018-03-26 23:38:37.207,7.91
1348,2018-03-26 23:38:38.207,8.29
1349,2018-03-26 23:38:39.206,7.91
1350,2018-03-26 23:38:40.207,7.26
1351,2018-03-26 23:38:41.256,9.68
1352,2018-03-26 23:38:42.206,10.01
1353,2018-03-26 23:38:43.208,8.74
1354,2018-03-26 23:38:44.211,6.93
1355,2018-03-26 23:38:45.325,6.69
1356,2018-03-26 23:38:46.209,6.81
1357,2018-03-26 23:38:47.209,8.47
1358,2018-03-26 23:38:48.208,8.65
1359,2018-03-26 23:38:49.210,9.76
1360,2018-03-26 23:38:50.212,9.26
1361,2018-03-26 23:38:51.222,8.83
1362,2018-03-26 23:38:52.213,8.19
1363,2018-03-26 23:38:53.219,7.91
1364,2018-03-26 23:38:54.213,8.65
1365,2018-03-26 23:38:55.213,7.8
1366,2018-03-26 23:38:56.214,8.65
1367,2018-03-26 23:38:57.214,8.56
1368,2018-03-26 23:38:58.215,8.19
1369,2018-03-26 23:38:59.215,8.56
1370,2018-03-26 23:39:00.215,7.15
1371,2018-03-26 23:39:01.321,7.58
1372,2018-03-26 23:39:02.269,8.56
1373,2018-03-26 23:39:03.216,7.47
1374,2018-03-26 23:39:04.216,10.52
1375,2018-03-26 23:39:05.217,8.1
1376,2018-03-26 23:39:06.223,6.93
1377,2018-03-26 23:39:07.216,7.47
1378,2018-03-26 23:39:08.227,8.47
1379,2018-03-26 23:39:09.221,6.33
1380,2018-03-26 23:39:10.221,9.1
1381,2018-03-26 23:39:11.225,8.47
1382,2018-03-26 23:39:12.220,6.57
1383,2018-03-26 23:39:13.370,5.72
1384,2018-03-26 23:39:14.221,8.83
1385,2018-03-26 23:39:15.223,8.01
1386,2018-03-26 23:39:16.222,7.8
1387,2018-03-26 23:39:17.364,9.18
1388,2018-03-26 23:39:18.362,9.35
1389,2018-03-26 23:39:19.223,6.93
1390,2018-03-26 23:39:20.223,7.8
1391,2018-03-26 23:39:21.224,7.37
1392,2018-03-26 23:39:22.237,7.8
1393,2018-03-26 23:39:23.225,7.91
1394,2018-03-26 23:39:24.225,7.37
1395,2018-03-26 23:39:25.379,9.01
1396,2018-03-26 23:39:26.225,8.92
1397,2018-03-26 23:39:27.358,8.19
1398,2018-03-26 23:39:28.265,7.91
1399,2018-03-26 23:39:29.226,8.19
1400,2018-03-26 23:39:30.227,8.83
1401,2018-03-26 23:39:31.260,8.38
1402,2018-03-26 23:39:32.227,7.8
1403,2018-03-26 23:39:33.226,8.19
1404,2018-03-26 23:39:34.227,9.35
1405,2018-03-26 23:39:35.229,9.1
1406,2018-03-26 23:39:36.368,9.93
1407,2018-03-26 23:39:37.229,8.65
1408,2018-03-26 23:39:38.229,7.689999999999999
1409,2018-03-26 23:39:39.229,7.91
1410,2018-03-26 23:39:40.229,8.1
1411,2018-03-26 23:39:41.374,8.29
1412,2018-03-26 23:39:42.231,8.47
1413,2018-03-26 23:39:43.232,6.93
1414,2018-03-26 23:39:44.362,6.69
1415,2018-03-26 23:39:45.232,7.04
1416,2018-03-26 23:39:46.353,7.47
1417,2018-03-26 23:39:47.233,8.29
1418,2018-03-26 23:39:48.234,7.58
1419,2018-03-26 23:39:49.233,6.93
1420,2018-03-26 23:39:50.233,8.1
1421,2018-03-26 23:39:51.234,8.83
1422,2018-03-26 23:39:52.235,9.51
1423,2018-03-26 23:39:53.234,8.65
1424,2018-03-26 23:39:54.235,7.91
1425,2018-03-26 23:39:55.235,8.29
1426,2018-03-26 23:39:56.236,8.56
1427,2018-03-26 23:39:57.236,8.01
1428,2018-03-26 23:39:59.237,8.65
1429,2018-03-26 23:40:00.325,8.19
1430,2018-03-26 23:40:01.238,5.22
1431,2018-03-26 23:40:02.237,6.81
1432,2018-03-26 23:40:03.238,8.19
1433,2018-03-26 23:40:04.239,8.47
1434,2018-03-26 23:40:05.237,8.92
1435,2018-03-26 23:40:06.350,7.58
1436,2018-03-26 23:40:08.239,6.21
1437,2018-03-26 23:40:09.239,6.45
1438,2018-03-26 23:40:10.239,7.91
1439,2018-03-26 23:40:11.239,7.37
1440,2018-03-26 23:40:12.239,7.04
1441,2018-03-26 23:40:13.239,7.58
1442,2018-03-26 23:40:14.240,9.1
1443,2018-03-26 23:40:15.240,8.92
1444,2018-03-26 23:40:16.241,8.1
1445,2018-03-26 23:40:17.241,8.56
1446,2018-03-26 23:40:18.241,7.47
1447,2018-03-26 23:40:19.245,8.56
1448,2018-03-26 23:40:20.243,8.74
1449,2018-03-26 23:40:21.243,7.8
1450,2018-03-26 23:40:22.243,7.689999999999999
1451,2018-03-26 23:40:23.256,9.01
1452,2018-03-26 23:40:24.243,8.74
1453,2018-03-26 23:40:26.244,9.59
1454,2018-03-26 23:40:27.248,9.51
1455,2018-03-26 23:40:28.245,8.1
1456,2018-03-26 23:40:29.246,8.65
1457,2018-03-26 23:40:30.245,9.26
1458,2018-03-26 23:40:31.246,9.68
1459,2018-03-26 23:40:32.246,8.01
1460,2018-03-26 23:40:33.246,7.15
1461,2018-03-26 23:40:34.247,8.01
1462,2018-03-26 23:40:35.246,9.1
1463,2018-03-26 23:40:36.315,7.58
1464,2018-03-26 23:40:37.271,7.26
1465,2018-03-26 23:40:38.247,8.65
1466,2018-03-26 23:40:39.248,8.1
1467,2018-03-26 23:40:40.248,8.65
1468,2018-03-26 23:40:41.248,7.8
1469,2018-03-26 23:40:42.248,6.93
1470,2018-03-26 23:40:43.252,7.37
1471,2018-03-26 23:40:44.249,8.65
1472,2018-03-26 23:40:45.249,9.26
1473,2018-03-26 23:40:46.251,8.1
1474,2018-03-26 23:40:47.251,7.91
1475,2018-03-26 23:40:48.251,6.81
1476,2018-03-26 23:40:49.251,8.38
1477,2018-03-26 23:40:50.252,9.18
1478,2018-03-26 23:40:51.266,7.8
1479,2018-03-26 23:40:52.253,8.01
1480,2018-03-26 23:40:53.254,8.47
1481,2018-03-26 23:40:54.254,8.65
1482,2018-03-26 23:40:55.253,7.689999999999999
1483,2018-03-26 23:40:56.254,9.26
1484,2018-03-26 23:40:57.255,9.01
1485,2018-03-26 23:40:58.254,7.04
1486,2018-03-26 23:41:00.254,9.51
1487,2018-03-26 23:41:01.255,8.56
1488,2018-03-26 23:41:02.257,7.8
1489,2018-03-26 23:41:04.254,8.56
1490,2018-03-26 23:41:05.254,9.18
1491,2018-03-26 23:41:06.254,9.68
1492,2018-03-26 23:41:07.254,9.1
1493,2018-03-26 23:41:08.253,8.01
1494,2018-03-26 23:41:09.254,7.37
1495,2018-03-26 23:41:10.255,8.29
1496,2018-03-26 23:41:11.269,6.93
1497,2018-03-26 23:41:12.257,7.04
1498,2018-03-26 23:41:13.259,7.37
1499,2018-03-26 23:41:14.259,6.57
1500,2018-03-26 23:41:15.259,7.8
1501,2018-03-26 23:41:16.259,8.29
1502,2018-03-26 23:41:17.258,7.04
1503,2018-03-26 23:41:18.288,8.47
1504,2018-03-26 23:41:19.258,8.38
1505,2018-03-26 23:41:20.258,8.56
1506,2018-03-26 23:41:21.259,8.1
1507,2018-03-26 23:41:22.258,7.8
1508,2018-03-26 23:41:23.259,6.93
1509,2018-03-26 23:41:24.259,7.15
1510,2018-03-26 23:41:25.270,8.92
1511,2018-03-26 23:41:26.262,7.8
1512,2018-03-26 23:41:27.261,9.01
1513,2018-03-26 23:41:28.261,9.18
1514,2018-03-26 23:41:29.267,9.51
1515,2018-03-26 23:41:30.262,9.18
1516,2018-03-26 23:41:31.262,9.59
1517,2018-03-26 23:41:32.263,8.19
1518,2018-03-26 23:41:33.263,7.689999999999999
1519,2018-03-26 23:41:34.264,7.26
1520,2018-03-26 23:41:35.265,9.01
1521,2018-03-26 23:41:36.265,8.83
1522,2018-03-26 23:41:37.267,8.47
1523,2018-03-26 23:41:38.265,8.29
1524,2018-03-26 23:41:39.266,9.76
1525,2018-03-26 23:41:40.269,9.18
1526,2018-03-26 23:41:41.272,9.93
1527,2018-03-26 23:41:42.268,10.09
1528,2018-03-26 23:41:43.270,10.69
1529,2018-03-26 23:41:44.270,9.59
1530,2018-03-26 23:41:45.269,9.43
1531,2018-03-26 23:41:46.317,9.76
1532,2018-03-26 23:41:47.270,9.26
1533,2018-03-26 23:41:48.274,8.65
1534,2018-03-26 23:41:49.271,9.1
1535,2018-03-26 23:41:50.271,8.29
1536,2018-03-26 23:41:51.286,8.92
1537,2018-03-26 23:41:52.271,9.84
1538,2018-03-26 23:41:53.272,9.68
1539,2018-03-26 23:41:54.271,8.29
1540,2018-03-26 23:41:55.272,9.01
1541,2018-03-26 23:41:56.276,8.1
1542,2018-03-26 23:41:57.272,9.01
1543,2018-03-26 23:41:58.273,8.56
1544,2018-03-26 23:41:59.274,8.74
1545,2018-03-26 23:42:00.272,9.43
1546,2018-03-26 23:42:01.273,9.51
1547,2018-03-26 23:42:02.273,8.01
1548,2018-03-26 23:42:04.273,9.59
1549,2018-03-26 23:42:05.277,9.01
1550,2018-03-26 23:42:06.285,9.84
1551,2018-03-26 23:42:07.274,10.18
1552,2018-03-26 23:42:08.279,8.38
1553,2018-03-26 23:42:09.274,7.91
1554,2018-03-26 23:42:10.275,8.19
1555,2018-03-26 23:42:11.275,8.01
1556,2018-03-26 23:42:12.276,8.38
1557,2018-03-26 23:42:13.275,7.58
1558,2018-03-26 23:42:14.276,6.57
1559,2018-03-26 23:42:15.276,8.65
1560,2018-03-26 23:42:16.362,9.43
1561,2018-03-26 23:42:17.278,7.689999999999999
1562,2018-03-26 23:42:18.277,7.37
1563,2018-03-26 23:42:19.279,6.09
1564,2018-03-26 23:42:20.295,7.04
1565,2018-03-26 23:42:21.277,8.1
1566,2018-03-26 23:42:22.277,9.43
1567,2018-03-26 23:42:23.278,8.47
1568,2018-03-26 23:42:24.278,8.92
1569,2018-03-26 23:42:25.279,9.01
1570,2018-03-26 23:42:26.280,9.35
1571,2018-03-26 23:42:27.281,8.83
1572,2018-03-26 23:42:28.286,9.59
1573,2018-03-26 23:42:29.284,8.47
1574,2018-03-26 23:42:30.282,9.01
1575,2018-03-26 23:42:31.294,8.74
1576,2018-03-26 23:42:32.282,9.68
1577,2018-03-26 23:42:33.285,9.35
1578,2018-03-26 23:42:34.283,9.26
1579,2018-03-26 23:42:35.283,9.43
1580,2018-03-26 23:42:36.284,8.38
1581,2018-03-26 23:42:37.284,7.04
1582,2018-03-26 23:42:38.287,8.1
1583,2018-03-26 23:42:40.286,7.689999999999999
1584,2018-03-26 23:42:41.286,6.21
1585,2018-03-26 23:42:42.285,7.15
1586,2018-03-26 23:42:43.286,8.19
1587,2018-03-26 23:42:44.287,7.47
1588,2018-03-26 23:42:45.291,8.19
1589,2018-03-26 23:42:46.288,8.38
1590,2018-03-26 23:42:47.287,6.45
1591,2018-03-26 23:42:48.287,7.91
1592,2018-03-26 23:42:49.287,8.47
1593,2018-03-26 23:42:51.290,7.91
1594,2018-03-26 23:42:52.290,8.56
1595,2018-03-26 23:42:53.288,8.29
1596,2018-03-26 23:42:54.288,9.18
1597,2018-03-26 23:42:55.290,8.92
1598,2018-03-26 23:42:56.289,8.65
1599,2018-03-26 23:42:57.292,8.19
1600,2018-03-26 23:42:58.290,8.65
1601,2018-03-26 23:42:59.290,8.01
1602,2018-03-26 23:43:00.294,7.47
1603,2018-03-26 23:43:01.291,7.04
1604,2018-03-26 23:43:02.292,7.37
1605,2018-03-26 23:43:03.293,6.69
1606,2018-03-26 23:43:04.293,8.65
1607,2018-03-26 23:43:05.298,8.1
1608,2018-03-26 23:43:06.299,9.59
1609,2018-03-26 23:43:07.293,9.93
1610,2018-03-26 23:43:08.298,8.92
1611,2018-03-26 23:43:09.354,8.19
1612,2018-03-26 23:43:10.294,9.1
1613,2018-03-26 23:43:11.295,7.91
1614,2018-03-26 23:43:12.295,7.689999999999999
1615,2018-03-26 23:43:13.295,8.19
1616,2018-03-26 23:43:14.296,8.92
1617,2018-03-26 23:43:15.299,9.59
1618,2018-03-26 23:43:17.299,8.83
1619,2018-03-26 23:43:18.297,8.74
1620,2018-03-26 23:43:19.298,8.29
1621,2018-03-26 23:43:20.367,8.47
1622,2018-03-26 23:43:21.298,8.29
1623,2018-03-26 23:43:22.298,6.33
1624,2018-03-26 23:43:23.298,7.689999999999999
1625,2018-03-26 23:43:24.299,9.76
1626,2018-03-26 23:43:25.300,8.29
1627,2018-03-26 23:43:26.302,8.47
1628,2018-03-26 23:43:27.304,9.35
1629,2018-03-26 23:43:28.301,9.01
1630,2018-03-26 23:43:29.303,9.18
1631,2018-03-26 23:43:30.301,7.8
1632,2018-03-26 23:43:31.309,8.65
1633,2018-03-26 23:43:32.300,7.689999999999999
1634,2018-03-26 23:43:33.301,8.65
1635,2018-03-26 23:43:34.301,8.38
1636,2018-03-26 23:43:35.301,9.93
1637,2018-03-26 23:43:36.305,9.26
1638,2018-03-26 23:43:37.303,9.18
1639,2018-03-26 23:43:38.301,9.35
1640,2018-03-26 23:43:39.302,8.29
1641,2018-03-26 23:43:41.303,8.1
1642,2018-03-26 23:43:42.304,8.29
1643,2018-03-26 23:43:43.303,8.01
1644,2018-03-26 23:43:44.303,8.47
1645,2018-03-26 23:43:45.304,7.26
1646,2018-03-26 23:43:46.304,9.35
1647,2018-03-26 23:43:47.306,9.76
1648,2018-03-26 23:43:48.399,8.74
1649,2018-03-26 23:43:49.306,8.38
1650,2018-03-26 23:43:50.310,7.689999999999999
1651,2018-03-26 23:43:51.306,5.96
1652,2018-03-26 23:43:52.308,7.47
1653,2018-03-26 23:43:53.308,6.81
1654,2018-03-26 23:43:54.307,8.65
1655,2018-03-26 23:43:56.308,8.47
1656,2018-03-26 23:43:57.308,7.91
1657,2018-03-26 23:43:58.309,9.35
1658,2018-03-26 23:43:59.313,9.84
1659,2018-03-26 23:44:00.311,6.81
1660,2018-03-26 23:44:01.312,6.33
1661,2018-03-26 23:44:02.312,7.8
1662,2018-03-26 23:44:03.313,8.29
1663,2018-03-26 23:44:05.312,7.47
1664,2018-03-26 23:44:06.314,8.29
1665,2018-03-26 23:44:07.314,8.19
1666,2018-03-26 23:44:08.315,9.26
1667,2018-03-26 23:44:09.315,8.65
1668,2018-03-26 23:44:10.316,8.47
1669,2018-03-26 23:44:12.315,9.26
1670,2018-03-26 23:44:13.319,8.92
1671,2018-03-26 23:44:14.317,9.84
1672,2018-03-26 23:44:15.318,8.92
1673,2018-03-26 23:44:16.317,8.56
1674,2018-03-26 23:44:17.317,8.38
1675,2018-03-26 23:44:18.318,9.01
1676,2018-03-26 23:44:19.318,8.74
1677,2018-03-26 23:44:21.318,8.92
1678,2018-03-26 23:44:22.318,9.1
1679,2018-03-26 23:44:23.318,8.29
1680,2018-03-26 23:44:24.318,9.43
1681,2018-03-26 23:44:25.320,9.68
1682,2018-03-26 23:44:26.319,9.43
1683,2018-03-26 23:44:27.320,7.26
1684,2018-03-26 23:44:28.320,6.93
1685,2018-03-26 23:44:29.328,8.38
1686,2018-03-26 23:44:30.323,8.47
1687,2018-03-26 23:44:31.327,8.56
1688,2018-03-26 23:44:32.321,8.38
1689,2018-03-26 23:44:33.322,8.65
1690,2018-03-26 23:44:34.322,8.38
1691,2018-03-26 23:44:36.322,8.65
1692,2018-03-26 23:44:37.323,8.74
1693,2018-03-26 23:44:38.324,8.65
1694,2018-03-26 23:44:39.324,8.38
1695,2018-03-26 23:44:40.325,7.47
1696,2018-03-26 23:44:41.324,7.58
1697,2018-03-26 23:44:42.325,6.33
1698,2018-03-26 23:44:43.325,8.47
1699,2018-03-26 23:44:44.325,9.01
1700,2018-03-26 23:44:46.328,8.01
1701,2018-03-26 23:44:47.327,9.51
1702,2018-03-26 23:44:48.326,10.09
1703,2018-03-26 23:44:49.327,9.59
1704,2018-03-26 23:44:50.328,9.18
1705,2018-03-26 23:44:51.327,9.01
1706,2018-03-26 23:44:52.328,8.92
1707,2018-03-26 23:44:53.328,8.19
1708,2018-03-26 23:44:54.329,7.91
1709,2018-03-26 23:44:55.348,8.47
1710,2018-03-26 23:44:56.328,8.83
1711,2018-03-26 23:44:57.332,9.59
1712,2018-03-26 23:44:58.332,8.29
1713,2018-03-26 23:44:59.330,8.65
